CourseID,Hole,POI,Location,SideOfFairway,Latitude,Longitude
1105611211306,1,Green,F,C,36.5383889,-4.7207366
1105611211306,1,Green,C,C,36.5383447,-4.7206004
1105611211306,1,Green,B,C,36.5382763,-4.7204664
1105611211306,1,"Tee Front",C,C,36.5396278,-4.7225825
1105611211306,1,"Tee Back",C,C,36.5401579,-4.723237
1105611211306,2,Green,F,C,36.5364564,-4.719313
1105611211306,2,Green,C,C,36.5363556,-4.7192693
1105611211306,2,Green,B,C,36.5362657,-4.7192177
1105611211306,2,"Tee Front",C,C,36.5378736,-4.7203831
1105611211306,2,"Tee Back",C,C,36.5381365,-4.7211931
1105611211306,3,Green,F,C,36.5374018,-4.7182736
1105611211306,3,Green,C,C,36.5374856,-4.7182259
1105611211306,3,Green,B,C,36.5375678,-4.7181838
1105611211306,3,"Tee Front",C,C,36.536865,-4.7186021
1105611211306,3,"Tee Back",C,C,36.5364081,-4.7188381
1105611211306,4,Green,F,C,36.5361691,-4.7151503
1105611211306,4,Green,C,C,36.5361035,-4.7150489
1105611211306,4,Green,B,C,36.5360366,-4.7149451
1105611211306,4,"Tee Front",C,C,36.5370697,-4.7167675
1105611211306,4,"Tee Back",C,C,36.5375891,-4.7176151
1105611211306,5,Green,F,C,36.5383011,-4.7111666
1105611211306,5,Green,C,C,36.5383987,-4.7110393
1105611211306,5,Green,B,C,36.5385019,-4.7108748
1105611211306,5,"Tee Front",C,C,36.5369857,-4.7146003
1105611211306,5,"Tee Back",C,C,36.5366926,-4.7154532
1105611211306,6,Green,F,C,36.5379542,-4.7137685
1105611211306,6,Green,C,C,36.5378588,-4.7138184
1105611211306,6,Green,B,C,36.5377753,-4.7138771
1105611211306,6,"Tee Front",C,C,36.5387787,-4.7112368
1105611211306,6,"Tee Back",C,C,36.5386882,-4.7104321
1105611211306,7,Green,F,C,36.5375311,-4.715286
1105611211306,7,Green,C,C,36.5375371,-4.7153687
1105611211306,7,Green,B,C,36.5375494,-4.7154563
1105611211306,7,"Tee Front",C,C,36.5375137,-4.7144849
1105611211306,7,"Tee Back",C,C,36.5375611,-4.7135301
1105611211306,8,Green,F,C,36.5393879,-4.7188979
1105611211306,8,Green,C,C,36.5393972,-4.718987
1105611211306,8,Green,B,C,36.5394054,-4.7190811
1105611211306,8,"Tee Front",C,C,36.538033,-4.7165556
1105611211306,8,"Tee Back",C,C,36.5376904,-4.7159762
1105611211306,9,Green,F,C,36.5404393,-4.7226145
1105611211306,9,Green,C,C,36.5405014,-4.7226603
1105611211306,9,Green,B,C,36.5405659,-4.7227165
1105611211306,9,"Tee Front",C,C,36.5389338,-4.7193799
1105611211306,9,"Tee Back",C,C,36.5389317,-4.7188033
1105611211306,10,Green,F,C,36.5396028,-4.7170711
1105611211306,10,Green,C,C,36.5395563,-4.7169378
1105611211306,10,Green,B,C,36.5395392,-4.7168057
1105611211306,10,"Tee Front",C,C,36.5406255,-4.7209651
1105611211306,10,"Tee Back",C,C,36.5409897,-4.7216625
1105611211306,11,Green,F,C,36.5415403,-4.7161028
1105611211306,11,Green,C,C,36.5416545,-4.7160286
1105611211306,11,Green,B,C,36.5416776,-4.7159409
1105611211306,11,"Tee Front",C,C,36.5410457,-4.7165153
1105611211306,11,"Tee Back",C,C,36.5403217,-4.7167567
1105611211306,12,Green,F,C,36.5387503,-4.7159446
1105611211306,12,Green,C,C,36.5386981,-4.7160248
1105611211306,12,Green,B,C,36.538642,-4.716137
1105611211306,12,"Tee Front",C,C,36.5413,-4.7156088
1105611211306,12,"Tee Back",C,C,36.5418129,-4.7156114
1105611211306,13,Green,F,C,36.5400179,-4.7128826
1105611211306,13,Green,C,C,36.5400695,-4.7127837
1105611211306,13,Green,B,C,36.5401138,-4.7126988
1105611211306,13,"Tee Front",C,C,36.5386752,-4.7153191
1105611211306,13,"Tee Back",C,C,36.5385675,-4.7164778
1105611211306,14,Green,F,C,36.5391582,-4.7151011
1105611211306,14,Green,C,C,36.5390903,-4.7151692
1105611211306,14,Green,B,C,36.5390214,-4.7152473
1105611211306,14,"Tee Front",C,C,36.5403044,-4.7139351
1105611211306,14,"Tee Back",C,C,36.5408906,-4.713066
1105611211306,15,Green,F,C,36.5420916,-4.713693
1105611211306,15,Green,C,C,36.542193,-4.7136471
1105611211306,15,Green,B,C,36.5422832,-4.7136135
1105611211306,15,"Tee Front",C,C,36.5403087,-4.7148685
1105611211306,15,"Tee Back",C,C,36.5395416,-4.7153459
1105611211306,16,Green,F,C,36.5429218,-4.7181734
1105611211306,16,Green,C,C,36.5429069,-4.7182863
1105611211306,16,Green,B,C,36.5428873,-4.7184202
1105611211306,16,"Tee Front",C,C,36.5434097,-4.7148122
1105611211306,16,"Tee Back",C,C,36.5430541,-4.7143106
1105611211306,17,Green,F,C,36.5416729,-4.7181016
1105611211306,17,Green,C,C,36.5416143,-4.718128
1105611211306,17,Green,B,C,36.5415565,-4.7181498
1105611211306,17,"Tee Front",C,C,36.5422223,-4.7180067
1105611211306,17,"Tee Back",C,C,36.5425068,-4.7180121
1105611211306,18,Green,F,C,36.5414556,-4.7213278
1105611211306,18,Green,C,C,36.5414889,-4.7214131
1105611211306,18,Green,B,C,36.5415246,-4.7214847
1105611211306,18,"Tee Front",C,C,36.5405673,-4.7189401
1105611211306,18,"Tee Back",C,C,36.540855,-4.71784575
1200430222149,1,Green,F,C,36.54575,-4.7277384
1200430222149,1,Green,C,C,36.545849,-4.7278245
1200430222149,1,Green,B,C,36.5459375,-4.7279087
1200430222149,1,"Tee Front",C,C,36.543442,-4.7250555
1200430222149,1,"Tee Back",C,C,36.5435627,-4.724731
1200430222149,2,Green,F,C,36.5435326,-4.7270514
1200430222149,2,Green,C,C,36.5434443,-4.7270018
1200430222149,2,Green,B,C,36.5433667,-4.7269548
1200430222149,2,"Tee Front",C,C,36.5457089,-4.7282044
1200430222149,2,"Tee Back",C,C,36.5460451,-4.728411
1200430222149,3,Green,F,C,36.5455728,-4.7285679
1200430222149,3,Green,C,C,36.5457294,-4.7286188
1200430222149,3,Green,B,C,36.545867,-4.7287155
1200430222149,3,"Tee Front",C,C,36.5437782,-4.7275446
1200430222149,3,"Tee Back",C,C,36.5434571,-4.7274239
1200430222149,4,Green,F,C,36.5460584,-4.7315238
1200430222149,4,Green,C,C,36.5460451,-4.7316642
1200430222149,4,Green,B,C,36.5460277,-4.7318121
1200430222149,4,"Tee Front",C,C,36.5461248,-4.7306292
1200430222149,4,"Tee Back",C,C,36.5460308,-4.7296927
1200430222149,5,Green,F,C,36.5444425,-4.729627
1200430222149,5,Green,C,C,36.5443575,-4.7295385
1200430222149,5,Green,B,C,36.5442658,-4.7294566
1200430222149,5,"Tee Front",C,C,36.5457477,-4.7312621
1200430222149,5,"Tee Back",C,C,36.5457477,-4.7312621
1200430222149,6,Green,F,C,36.5412738,-4.7327356
1200430222149,6,Green,C,C,36.5412525,-4.7327977
1200430222149,6,Green,B,C,36.5412254,-4.7328697
1200430222149,6,"Tee Front",C,C,36.543149,-4.7296528
1200430222149,6,"Tee Back",C,C,36.5433559,-4.7295347
1200430222149,7,Green,F,C,36.5414182,-4.7287763
1200430222149,7,Green,C,C,36.5414994,-4.7286122
1200430222149,7,Green,B,C,36.5415486,-4.728449
1200430222149,7,"Tee Front",C,C,36.5409466,-4.7317074
1200430222149,7,"Tee Back",C,C,36.5409466,-4.7317074
1200430222149,8,Green,F,C,36.5404967,-4.7286711
1200430222149,8,Green,C,C,36.540445,-4.7287147
1200430222149,8,Green,B,C,36.5403943,-4.7287549
1200430222149,8,"Tee Front",C,C,36.5410759,-4.7284834
1200430222149,8,"Tee Back",C,C,36.5413599,-4.7281293
1200430222149,9,Green,F,C,36.5413021,-4.7243568
1200430222149,9,Green,C,C,36.5413498,-4.72428
1200430222149,9,Green,B,C,36.5413948,-4.7242025
1200430222149,9,"Tee Front",C,C,36.5398648,-4.7279308
1200430222149,9,"Tee Back",C,C,36.5396903,-4.7281347
1200430222149,10,Green,F,C,36.5386842,-4.7283766
1200430222149,10,Green,C,C,36.5386612,-4.7284981
1200430222149,10,Green,B,C,36.5386324,-4.72863
1200430222149,10,"Tee Front",C,C,36.5394597,-4.7255973
1200430222149,10,"Tee Back",C,C,36.5397592,-4.7252566
1200430222149,11,Green,F,C,36.5395647,-4.7273852
1200430222149,11,Green,C,C,36.5396012,-4.7272958
1200430222149,11,Green,B,C,36.5396337,-4.7272136
1200430222149,11,"Tee Front",C,C,36.5390631,-4.7284673
1200430222149,11,"Tee Back",C,C,36.5387158,-4.7293739
1200430222149,12,Green,F,C,36.5405176,-4.7322136
1200430222149,12,Green,C,C,36.5406158,-4.7323397
1200430222149,12,Green,B,C,36.5406782,-4.7324725
1200430222149,12,"Tee Front",C,C,36.5397075,-4.7294731
1200430222149,12,"Tee Back",C,C,36.5397053,-4.7294168
1200430222149,13,Green,F,C,36.5391142,-4.7297685
1200430222149,13,Green,C,C,36.5390803,-4.7296652
1200430222149,13,Green,B,C,36.5390452,-4.7295479
1200430222149,13,"Tee Front",C,C,36.5402096,-4.7323646
1200430222149,13,"Tee Back",C,C,36.5406557,-4.7329358
1200430222149,14,Green,F,C,36.5373763,-4.7270392
1200430222149,14,Green,C,C,36.5373871,-4.7268942
1200430222149,14,Green,B,C,36.5373935,-4.7267771
1200430222149,14,"Tee Front",C,C,36.5383218,-4.7293846
1200430222149,14,"Tee Back",C,C,36.5385842,-4.7299269
1200430222149,15,Green,F,C,36.5356808,-4.7223566
1200430222149,15,Green,C,C,36.5357114,-4.7222036
1200430222149,15,Green,B,C,36.5357361,-4.7220639
1200430222149,15,"Tee Front",C,C,36.5360913,-4.7263966
1200430222149,15,"Tee Back",C,C,36.5366322,-4.7274319
1200430222149,16,Green,F,C,36.536586,-4.7229043
1200430222149,16,Green,C,C,36.5366753,-4.7230137
1200430222149,16,Green,B,C,36.53676,-4.7231115
1200430222149,16,"Tee Front",C,C,36.5363378,-4.7222401
1200430222149,16,"Tee Back",C,C,36.5363176,-4.7220997
1200430222149,17,Green,F,C,36.536676,-4.7265987
1200430222149,17,Green,C,C,36.5366742,-4.7266504
1200430222149,17,Green,B,C,36.5366738,-4.7267086
1200430222149,17,"Tee Front",C,C,36.5370266,-4.7242388
1200430222149,17,"Tee Back",C,C,36.5372033,-4.7227623
1200430222149,18,Green,F,C,36.5396052,-4.7243986
1200430222149,18,Green,C,C,36.5396978,-4.7243085
1200430222149,18,Green,B,C,36.5397967,-4.724236
1200430222149,18,"Tee Front",C,C,36.5370676,-4.72652
1200430222149,18,"Tee Back",C,C,36.5367507,-4.7275419
1200604981160,1,Green,F,C,36.5439146,-4.7197865
1200604981160,1,Green,C,C,36.5438418,-4.7197414
1200604981160,1,Green,B,C,36.5437513,-4.719674
1200604981160,1,"Tee Front",C,C,36.5455085,-4.7210349
1200604981160,1,"Tee Back",C,C,36.5460537,-4.721236
1200604981160,2,Green,F,C,36.5454321,-4.7170386
1200604981160,2,Green,C,C,36.5454848,-4.7169378
1200604981160,2,Green,B,C,36.5455183,-4.7168603
1200604981160,2,"Fairway Bunker",F,R,36.5447555,-4.7186118
1200604981160,2,"Fairway Bunker",B,R,36.5448655,-4.718408
1200604981160,2,"Tee Front",C,C,36.5442997,-4.7191707
1200604981160,2,"Tee Back",C,C,36.5436101,-4.7194282
1200604981160,3,Green,F,C,36.5450734,-4.7166713
1200604981160,3,Green,C,C,36.5451223,-4.7164724
1200604981160,3,Green,B,C,36.545096,-4.7162837
1200604981160,3,"Tee Front",C,C,36.5449575,-4.7173924
1200604981160,3,"Tee Back",C,C,36.5446617,-4.7181354
1200604981160,4,Green,F,C,36.5449708,-4.7121398
1200604981160,4,Green,C,C,36.5450178,-4.7119858
1200604981160,4,Green,B,C,36.5449968,-4.711799
1200604981160,4,Water,B,C,36.544721,-4.7132984
1200604981160,4,"Tee Front",C,C,36.5446401,-4.7149691
1200604981160,4,"Tee Back",C,C,36.5447468,-4.7155243
1200604981160,5,Green,F,C,36.5464492,-4.7157097
1200604981160,5,Green,C,C,36.5464836,-4.7158582
1200604981160,5,Green,B,C,36.5464892,-4.716025
1200604981160,5,"Tee Front",C,C,36.5464287,-4.7133933
1200604981160,5,"Tee Back",C,C,36.5461572,-4.7122453
1200604981160,6,Green,F,C,36.5473478,-4.7201223
1200604981160,6,Green,C,C,36.5473509,-4.7203187
1200604981160,6,Green,B,C,36.5473468,-4.7205179
1200604981160,6,"Tee Front",C,C,36.5469544,-4.7171913
1200604981160,6,"Tee Back",C,C,36.546823,-4.7164402
1200604981160,7,Green,F,C,36.5481343,-4.7242767
1200604981160,7,Green,C,C,36.5482128,-4.7244601
1200604981160,7,Green,B,C,36.5482114,-4.7246333
1200604981160,7,"Tee Front",C,C,36.5479456,-4.721468
1200604981160,7,"Tee Back",C,C,36.5478056,-4.7204998
1200604981160,8,Green,F,C,36.5459326,-4.7187866
1200604981160,8,Green,C,C,36.5458684,-4.7186584
1200604981160,8,Green,B,C,36.5457947,-4.7185479
1200604981160,8,"Tee Front",C,C,36.5472475,-4.7228883
1200604981160,8,"Tee Back",C,C,36.5475276,-4.7236715
1200604981160,9,Green,F,C,36.5461121,-4.7206625
1200604981160,9,Green,C,C,36.5461949,-4.7207425
1200604981160,9,Green,B,C,36.5462251,-4.720881
1200604981160,9,"Tee Front",C,C,36.5456788,-4.7199218
1200604981160,9,"Tee Back",C,C,36.5455947,-4.719211
1200604981160,10,Green,F,C,36.5445185,-4.7245958
1200604981160,10,Green,C,C,36.5444711,-4.7247326
1200604981160,10,Green,B,C,36.5444199,-4.72482
1200604981160,10,"Tee Front",C,C,36.5449612,-4.7241328
1200604981160,10,"Tee Back",C,C,36.5451886,-4.7237788
1200604981160,11,Green,F,C,36.5471798,-4.7298298
1200604981160,11,Green,C,C,36.5472486,-4.7299871
1200604981160,11,Green,B,C,36.5473219,-4.7302017
1200604981160,11,"Tee Front",C,C,36.545862,-4.726193
1200604981160,11,"Tee Back",C,C,36.544875,-4.7255705
1200604981160,12,Green,F,C,36.5469103,-4.7331628
1200604981160,12,Green,C,C,36.5468919,-4.7333127
1200604981160,12,Green,B,C,36.5468468,-4.7334579
1200604981160,12,"Tee Front",C,C,36.5474802,-4.7304695
1200604981160,12,"Tee Back",C,C,36.5476687,-4.7297252
1200604981160,13,Green,F,C,36.5445235,-4.7328383
1200604981160,13,Green,C,C,36.5444602,-4.7327119
1200604981160,13,Green,B,C,36.5443963,-4.7325554
1200604981160,13,"Tee Front",C,C,36.5463317,-4.7346364
1200604981160,13,"Tee Back",C,C,36.5469997,-4.7343976
1200604981160,14,Green,F,C,36.5436326,-4.731237
1200604981160,14,Green,C,C,36.5436715,-4.731073
1200604981160,14,Green,B,C,36.5437134,-4.7309004
1200604981160,14,"Tee Front",C,C,36.5433844,-4.7332402
1200604981160,14,"Tee Back",C,C,36.5433386,-4.7336171
1200604981160,15,Green,F,C,36.5465656,-4.7339219
1200604981160,15,Green,C,C,36.5466776,-4.7338039
1200604981160,15,Green,B,C,36.5467617,-4.7338598
1200604981160,15,Dogleg,C,R,36.5453416,-4.7333908
1200604981160,15,"Tee Front",C,C,36.5444333,-4.7312782
1200604981160,15,"Tee Back",C,C,36.5439894,-4.7304253
1200604981160,16,Green,F,C,36.5478323,-4.7321439
1200604981160,16,Green,C,C,36.5478681,-4.7320547
1200604981160,16,Green,B,C,36.5478498,-4.7319049
1200604981160,16,"Tee Front",C,C,36.5476515,-4.7331866
1200604981160,16,"Tee Back",C,C,36.547547,-4.733888
1200604981160,17,Green,F,C,36.5484316,-4.7265941
1200604981160,17,Green,C,C,36.5484488,-4.7264503
1200604981160,17,Green,B,C,36.5484182,-4.7263025
1200604981160,17,"Tee Front",C,C,36.5481353,-4.7303287
1200604981160,17,"Tee Back",C,C,36.5477172,-4.7315625
1200604981160,18,Green,F,C,36.5457855,-4.7230053
1200604981160,18,Green,C,C,36.5457418,-4.7228648
1200604981160,18,Green,B,C,36.5456833,-4.7228
1200604981160,18,"Tee Front",C,C,36.5477818,-4.7250126
1200604981160,18,"Tee Back",C,C,36.5481288,-4.7255785
141520658891108829,1,Green,F,C,36.5705914,-121.9462775
141520658891108829,1,Green,C,C,36.5705957,-121.946136
141520658891108829,1,Green,B,C,36.5705979,-121.9460119
141520658891108829,1,"Green Bunker",F,L,36.570695,-121.9463751
141520658891108829,1,"Green Bunker",F,R,36.5704839,-121.9463161
141520658891108829,1,"Green Bunker",B,L,36.5706929,-121.9459084
141520658891108829,1,"Green Bunker",B,R,36.5704689,-121.9460076
141520658891108829,1,"Fairway Bunker",F,L,36.5706649,-121.9475257
141520658891108829,1,"Fairway Bunker",B,L,36.570708,-121.946874
141520658891108829,1,"Tee Front",C,C,36.5697438,-121.9489477
141520658891108829,1,"Tee Back",C,C,36.5694064,-121.9495065
141520658891108829,2,Green,F,C,36.5695469,-121.9420942
141520658891108829,2,Green,C,C,36.5695361,-121.9419568
141520658891108829,2,Green,B,C,36.5695286,-121.9418341
141520658891108829,2,"Green Bunker",F,C,36.5695619,-121.9427347
141520658891108829,2,"Green Bunker",F,R,36.5693468,-121.9424713
141520658891108829,2,"Green Bunker",B,R,36.5693802,-121.9418853
141520658891108829,2,"Fairway Bunker",F,L,36.5700703,-121.944108
141520658891108829,2,"Fairway Bunker",F,R,36.5698613,-121.9449341
141520658891108829,2,"Fairway Bunker",B,L,36.569913,-121.9437191
141520658891108829,2,"Fairway Bunker",B,R,36.5696545,-121.9439336
141520658891108829,2,"Tee Front",C,C,36.5700613,-121.9455583
141520658891108829,2,"Tee Back",C,C,36.5703434,-121.9471006
141520658891108829,3,Green,F,C,36.5675325,-121.9444241
141520658891108829,3,Green,C,C,36.567456,-121.9445025
141520658891108829,3,Green,B,C,36.5673806,-121.9445863
141520658891108829,3,"Fairway Bunker",B,R,36.5680051,-121.9442423
141520658891108829,3,"Tee Front",C,C,36.5691662,-121.942624
141520658891108829,3,"Tee Back",C,C,36.5691802,-121.9412614
141520658891108829,4,Green,F,C,36.5662448,-121.9409563
141520658891108829,4,Green,C,C,36.5661856,-121.9408725
141520658891108829,4,Green,B,C,36.5661253,-121.940794
141520658891108829,4,"Green Bunker",F,R,36.5662747,-121.9413224
141520658891108829,4,"Tee Front",C,C,36.5671014,-121.9425542
141520658891108829,4,"Tee Back",C,C,36.567375,-121.9439195
141520658891108829,5,Green,F,C,36.5651476,-121.9393859
141520658891108829,5,Green,C,C,36.565041,-121.9393316
141520658891108829,5,Green,B,C,36.5649473,-121.939284
141520658891108829,5,"Tee Front",C,C,36.5657173,-121.9401121
141520658891108829,5,"Tee Back",C,C,36.5662451,-121.9405788
141520658891108829,6,Green,F,C,36.5622457,-121.9399656
141520658891108829,6,Green,C,C,36.5621649,-121.9400159
141520658891108829,6,Green,B,C,36.5620712,-121.9400675
141520658891108829,6,"Green Bunker",F,L,36.5621744,-121.9398356
141520658891108829,6,"Green Bunker",F,R,36.5624108,-121.9400408
141520658891108829,6,"Green Bunker",B,L,36.5620567,-121.9399574
141520658891108829,6,"Green Bunker",B,R,36.5622215,-121.9402095
141520658891108829,6,"Fairway Bunker",F,L,36.5639498,-121.9386799
141520658891108829,6,"Fairway Bunker",B,L,36.5633732,-121.9389964
141520658891108829,6,Water,F,R,36.5644357,-121.9391289
141520658891108829,6,Trees,F,R,36.5648544,-121.9389414
141520658891108829,6,"100 Marker",C,C,36.562811,-121.9394874
141520658891108829,6,Dogleg,C,R,36.5633469,-121.9392427
141520658891108829,6,"Tee Front",C,C,36.5649503,-121.9382278
141520658891108829,6,"Tee Back",C,C,36.5660652,-121.9378858
141520658891108829,7,Green,F,C,36.5614283,-121.9403863
141520658891108829,7,Green,C,C,36.5613496,-121.9403736
141520658891108829,7,Green,B,C,36.561271,-121.9403608
141520658891108829,7,"Tee Front",C,C,36.5620646,-121.9404876
141520658891108829,7,"Tee Back",C,C,36.5622499,-121.940509
141520658891108829,8,Green,F,C,36.5630609,-121.9366476
141520658891108829,8,Green,C,C,36.5630512,-121.936541
141520658891108829,8,Green,B,C,36.5630383,-121.9364425
141520658891108829,8,Dogleg,C,L,36.5628436,-121.938366
141520658891108829,8,Dogleg,C,R,36.562451,-121.9380911
141520658891108829,8,"Tee Front",C,C,36.5618567,-121.9398358
141520658891108829,8,"Tee Back",C,C,36.5613084,-121.9401376
141520658891108829,9,Green,F,C,36.5605634,-121.9331242
141520658891108829,9,Green,C,C,36.560503,-121.9330578
141520658891108829,9,Green,B,C,36.560433,-121.9329847
141520658891108829,9,"Fairway Bunker",F,L,36.5613938,-121.9336613
141520658891108829,9,"Tee Front",C,C,36.562726,-121.9350306
141520658891108829,9,"Tee Back",C,C,36.5635296,-121.9368237
141520658891108829,10,Green,F,C,36.5580373,-121.9314459
141520658891108829,10,Green,C,C,36.5579533,-121.9314452
141520658891108829,10,Green,B,C,36.5578596,-121.9314405
141520658891108829,10,"Green Bunker",F,L,36.558138213058,-121.931290626526
141520658891108829,10,"Fairway Bunker",F,L,36.5596700417644,-121.931617856026
141520658891108829,10,"Fairway Bunker",B,L,36.559032322111,-121.93149715662
141520658891108829,10,Water,F,R,36.5586509804791,-121.931915581226
141520658891108829,10,"Tee Front",C,C,36.5606772,-121.932276
141520658891108829,10,"Tee Back",C,C,36.5616586,-121.9333905
141520658891108829,11,Green,F,C,36.5607094,-121.9296374
141520658891108829,11,Green,C,C,36.5607557,-121.9295522
141520658891108829,11,Green,B,C,36.5608064,-121.9294724
141520658891108829,11,"Tee Front",C,C,36.558527,-121.9308357
141520658891108829,11,"Tee Back",C,C,36.5578602,-121.9311173
141520658891108829,12,Green,F,C,36.5614875,-121.9309852
141520658891108829,12,Green,C,C,36.5615036,-121.9310677
141520658891108829,12,Green,B,C,36.561523,-121.9311528
141520658891108829,12,"Tee Front",C,C,36.561024,-121.9294275
141520658891108829,12,"Tee Back",C,C,36.5609863,-121.9290077
141520658891108829,13,Green,F,C,36.5630248,-121.9347171
141520658891108829,13,Green,C,C,36.5630733,-121.9347996
141520658891108829,13,Green,B,C,36.5631207,-121.9348968
141520658891108829,13,"Fairway Bunker",F,R,36.5625362,-121.9334027
141520658891108829,13,"Fairway Bunker",B,L,36.5623757,-121.9339713
141520658891108829,13,"Fairway Bunker",B,R,36.5626601,-121.9337568
141520658891108829,13,"Tee Front",C,C,36.5618459,-121.9322881
141520658891108829,13,"Tee Back",C,C,36.5610391,-121.9310449
141520658891108829,14,Green,F,C,36.5670208,-121.9373212
141520658891108829,14,Green,C,C,36.5671059,-121.9373125
141520658891108829,14,Green,B,C,36.5671846,-121.9373078
141520658891108829,14,"Fairway Bunker",B,R,36.5649219,-121.9372208
141520658891108829,14,Dogleg,C,R,36.5662931,-121.9373683
141520658891108829,14,"Tee Front",C,C,36.5637213,-121.9366064
141520658891108829,14,"Tee Back",C,C,36.5630653,-121.935272
141520658891108829,15,Green,F,C,36.5690949,-121.9400229
141520658891108829,15,Green,C,C,36.5691552,-121.9400933
141520658891108829,15,Green,B,C,36.5692198,-121.9401758
141520658891108829,15,"Fairway Bunker",F,L,36.5684672,-121.9392709
141520658891108829,15,"Fairway Bunker",B,L,36.568716,-121.9396491
141520658891108829,15,"Tee Front",C,C,36.5676001,-121.937564
141520658891108829,15,"Tee Back",C,C,36.56711,-121.9369685
141520658891108829,16,Green,F,C,36.5678461,-121.9431634
141520658891108829,16,Green,C,C,36.567831,-121.9432687
141520658891108829,16,Green,B,C,36.5678105,-121.943378
141520658891108829,16,"Fairway Bunker",F,R,36.5683187,-121.9420097
141520658891108829,16,"Fairway Bunker",B,C,36.5685525,-121.9415216
141520658891108829,16,"Tee Front",C,C,36.5692351,-121.9408001
141520658891108829,16,"Tee Back",C,C,36.5696326,-121.9399552
141520658891108829,17,Green,F,C,36.5658291,-121.9448914
141520658891108829,17,Green,C,C,36.5657924,-121.9449169
141520658891108829,17,Green,B,C,36.5657526,-121.9449451
141520658891108829,17,"Tee Front",C,C,36.5669258,-121.9442802
141520658891108829,17,"Tee Back",C,C,36.5671337,-121.9440871
141520658891108829,18,Green,F,C,36.5676119,-121.9495169
141520658891108829,18,Green,C,C,36.5676012,-121.9496363
141520658891108829,18,Green,B,C,36.5675936,-121.9497744
141520658891108829,18,"Fairway Bunker",F,R,36.567151,-121.9466121
141520658891108829,18,Water,F,L,36.5664066,-121.9460646
141520658891108829,18,Trees,F,R,36.5671343,-121.9469412
141520658891108829,18,"100 Marker",C,C,36.5676818,-121.9485306
141520658891108829,18,Dogleg,C,L,36.5667349,-121.9467038
141520658891108829,18,"Tee Front",C,C,36.5661944,-121.9455972
141520658891108829,18,"Tee Back",C,C,36.5655406,-121.9451694
141520658921417047,1,Green,F,C,36.5726626,-121.9493457
141520658921417047,1,Green,C,C,36.5725624,-121.9493309
141520658921417047,1,Green,B,C,36.5724655,-121.9493081
141520658921417047,1,"Tee Front",C,C,36.5729914,-121.9495053
141520658921417047,1,"Tee Back",C,C,36.5730097,-121.949516
141520658921417047,2,Green,F,C,36.5717434,-121.9492354
141520658921417047,2,Green,C,C,36.5716508,-121.9492804
141520658921417047,2,Green,B,C,36.5715781,-121.9493246
141520658921417047,2,"Tee Front",C,C,36.5722446,-121.9492103
141520658921417047,2,"Tee Back",C,C,36.5725226,-121.9490881
141520658921417047,3,Green,F,C,36.571011,-121.9495369
141520658921417047,3,Green,C,C,36.5709533,-121.9496529
141520658921417047,3,Green,B,C,36.5708564,-121.9497595
141520658921417047,3,"Tee Front",C,C,36.5714587,-121.9491371
141520658921417047,3,"Tee Back",C,C,36.5714635,-121.9491284
141520658921417047,4,Green,F,C,36.5712898,-121.9498609
141520658921417047,4,Green,C,C,36.5713663,-121.9498569
141520658921417047,4,Green,B,C,36.5714427,-121.94981
141520658921417047,4,"Tee Front",C,C,36.570995,-121.9498549
141520658921417047,4,"Tee Back",C,C,36.5709665,-121.9498536
141520658921417047,5,Green,F,C,36.5715922,-121.9497236
141520658921417047,5,Green,C,C,36.5716665,-121.9497491
141520658921417047,5,Green,B,C,36.5717516,-121.9497665
141520658921417047,5,"Tee Front",C,C,36.5712776,-121.9495375
141520658921417047,5,"Tee Back",C,C,36.5712685,-121.9495382
141520658921417047,6,Green,F,C,36.5721733,-121.9503389
141520658921417047,6,Green,C,C,36.5722207,-121.950465
141520658921417047,6,Green,B,C,36.5722584,-121.950524
141520658921417047,6,"Tee Front",C,C,36.5717588,-121.9499499
141520658921417047,6,"Tee Back",C,C,36.5717281,-121.9498768
141520658921417047,7,Green,F,C,36.5724523,-121.9502373
141520658921417047,7,Green,C,C,36.5724642,-121.9501662
141520658921417047,7,Green,B,C,36.5725266,-121.9500911
141520658921417047,7,"Tee Front",C,C,36.5723291,-121.950694
141520658921417047,7,"Tee Back",C,C,36.5723118,-121.9507744
141520658921417047,8,Green,F,C,36.5720407,-121.9498163
141520658921417047,8,Green,C,C,36.5719707,-121.9497238
141520658921417047,8,Green,B,C,36.5718964,-121.9496071
141520658921417047,8,"Tee Front",C,C,36.5727013,-121.9499638
141520658921417047,8,"Tee Back",C,C,36.5727116,-121.9499752
141520658921417047,9,Green,F,C,36.5725793,-121.9496303
141520658921417047,9,Green,C,C,36.5726633,-121.9496652
141520658921417047,9,Green,B,C,36.5727538,-121.9496732
141520658921417047,9,"Tee Front",C,C,36.5719275,-121.9494653
141520658921417047,9,"Tee Back",C,C,36.5718699,-121.949472
141520665343800921,1,Green,F,C,36.5862523,-121.9607342
141520665343800921,1,Green,C,C,36.5863105,-121.9607906
141520665343800921,1,Green,B,C,36.5864151,-121.960859
141520665343800921,1,"Tee Front",C,C,36.5832479,-121.9585429
141520665343800921,1,"Tee Back",C,C,36.5823605,-121.958618
141520665343800921,2,Green,F,C,36.5834003,-121.9629135
141520665343800921,2,Green,C,C,36.5833577,-121.963049
141520665343800921,2,Green,B,C,36.5832999,-121.9632068
141520665343800921,2,"Tee Front",C,C,36.5845509,-121.9611862
141520665343800921,2,"Tee Back",C,C,36.5849601,-121.9601227
141520665343800921,3,Green,F,C,36.5834496,-121.9643836
141520665343800921,3,Green,C,C,36.5835155,-121.9644843
141520665343800921,3,Green,B,C,36.5835838,-121.9645827
141520665343800921,3,"Tee Front",C,C,36.5831187,-121.963808
141520665343800921,3,"Tee Back",C,C,36.5828494,-121.9629658
141520665343800921,4,Green,F,C,36.5859269,-121.9622728
141520665343800921,4,Green,C,C,36.5860193,-121.9622355
141520665343800921,4,Green,B,C,36.5860891,-121.9622166
141520665343800921,4,"Tee Front",C,C,36.5841632,-121.9637544
141520665343800921,4,"Tee Back",C,C,36.583879,-121.9644196
141520665343800921,5,Green,F,C,36.5874213,-121.9617072
141520665343800921,5,Green,C,C,36.5875101,-121.9617146
141520665343800921,5,Green,B,C,36.5876178,-121.9617244
141520665343800921,5,"Tee Front",C,C,36.5868339,-121.9616918
141520665343800921,5,"Tee Back",C,C,36.5858787,-121.9611111
141520665343800921,6,Green,F,C,36.5856382,-121.9581403
141520665343800921,6,Green,C,C,36.5855883,-121.958053
141520665343800921,6,Green,B,C,36.5855445,-121.9579538
141520665343800921,6,"Tee Front",C,C,36.5872689,-121.9605009
141520665343800921,6,"Tee Back",C,C,36.5878009,-121.9615469
141520665343800921,7,Green,F,C,36.5883942,-121.9540046
141520665343800921,7,Green,C,C,36.5884857,-121.9538758
141520665343800921,7,Green,B,C,36.5885659,-121.9537499
141520665343800921,7,"Tee Front",C,C,36.5860607,-121.9566787
141520665343800921,7,"Tee Back",C,C,36.5853737,-121.9576363
141520665343800921,8,Green,F,C,36.5855332,-121.9561033
141520665343800921,8,Green,C,C,36.5854124,-121.9562067
141520665343800921,8,Green,B,C,36.5853486,-121.956295
141520665343800921,8,"Tee Front",C,C,36.5874627,-121.9545061
141520665343800921,8,"Tee Back",C,C,36.5879667,-121.9536934
141520665343800921,9,Green,F,C,36.5818081,-121.9570072
141520665343800921,9,Green,C,C,36.5817122,-121.9571106
141520665343800921,9,Green,B,C,36.5816277,-121.9572196
141520665343800921,9,"Tee Front",C,C,36.5842386,-121.9554422
141520665343800921,9,"Tee Back",C,C,36.5848503,-121.9551552
141520665343800921,10,Green,F,C,36.5837691,-121.9548068
141520665343800921,10,Green,C,C,36.5838596,-121.9547529
141520665343800921,10,Green,B,C,36.5839705,-121.954688
141520665343800921,10,"Tee Front",C,C,36.5815895,-121.9562657
141520665343800921,10,"Tee Back",C,C,36.5811393,-121.9571052
141520665343800921,11,Green,F,C,36.5863033,-121.9516877
141520665343800921,11,Green,C,C,36.5863568,-121.9516456
141520665343800921,11,Green,B,C,36.5864205,-121.951596
141520665343800921,11,"Tee Front",C,C,36.5838402,-121.9541172
141520665343800921,11,"Tee Back",C,C,36.5829334,-121.9542728
141520665343800921,12,Green,F,C,36.5869696,-121.9510745
141520665343800921,12,Green,C,C,36.5870984,-121.9511611
141520665343800921,12,Green,B,C,36.5871996,-121.9512321
141520665343800921,12,"Tee Front",C,C,36.5863687,-121.9507564
141520665343800921,12,"Tee Back",C,C,36.5858001,-121.9503407
141520665343800921,13,Green,F,C,36.589259,-121.9468551
141520665343800921,13,Green,C,C,36.5893558,-121.9467277
141520665343800921,13,Green,B,C,36.5894435,-121.9466251
141520665343800921,13,"Tee Front",C,C,36.5878332,-121.9494073
141520665343800921,13,"Tee Back",C,C,36.587607,-121.950625
141520665343800921,14,Green,F,C,36.5863616,-121.9500147
141520665343800921,14,Green,C,C,36.5863105,-121.9501368
141520665343800921,14,Green,B,C,36.5862809,-121.9502554
141520665343800921,14,"Tee Front",C,C,36.5888217,-121.9463683
141520665343800921,14,"Tee Back",C,C,36.5893192,-121.9458265
141520665343800921,15,Green,F,C,36.5862592,-121.9492147
141520665343800921,15,Green,C,C,36.5863493,-121.9491015
141520665343800921,15,Green,B,C,36.5864079,-121.9490314
141520665343800921,15,"Tee Front",C,C,36.5858324,-121.9496701
141520665343800921,15,"Tee Back",C,C,36.5856041,-121.9500295
141520665343800921,16,Green,F,C,36.5850347,-121.9510458
141520665343800921,16,Green,C,C,36.5850181,-121.9512533
141520665343800921,16,Green,B,C,36.5849884,-121.9514625
141520665343800921,16,"Tee Front",C,C,36.5863148,-121.9477711
141520665343800921,16,"Tee Back",C,C,36.5867434,-121.9472722
141520665343800921,17,Green,F,C,36.5829869,-121.9535264
141520665343800921,17,Green,C,C,36.5829248,-121.953562
141520665343800921,17,Green,B,C,36.5828535,-121.9536111
141520665343800921,17,"Tee Front",C,C,36.5847921,-121.9524677
141520665343800921,17,"Tee Back",C,C,36.585042,-121.9519124
141520665343800921,18,Green,F,C,36.5809636,-121.9563603
141520665343800921,18,Green,C,C,36.5808851,-121.956499
141520665343800921,18,Green,B,C,36.5808269,-121.9566308
141520665343800921,18,"Tee Front",C,C,36.5822528,-121.953562
141520665343800921,18,"Tee Back",C,C,36.582535,-121.9528271
141520722853256062,1,Green,F,C,29.0749675,-81.0539555
141520722853256062,1,Green,C,C,29.074978,-81.0540802
141520722853256062,1,Green,B,C,29.0749968,-81.0542184
141520722853256062,1,"Tee Front",C,C,29.0753047,-81.0503868
141520722853256062,1,"Tee Back",C,C,29.0757442,-81.0498705
141520722853256062,2,Green,F,C,29.0772379,-81.0555323
141520722853256062,2,Green,C,C,29.0773305,-81.0556276
141520722853256062,2,Green,B,C,29.0774044,-81.0557362
141520722853256062,2,"Tee Front",C,C,29.0750738,-81.0552872
141520722853256062,2,"Tee Back",C,C,29.0744889,-81.0552363
141520722853256062,3,Green,F,C,29.0796914,-81.0545245
141520722853256062,3,Green,C,C,29.0798005,-81.0544373
141520722853256062,3,Green,B,C,29.0799095,-81.0543354
141520722853256062,3,"Tee Front",C,C,29.0778446,-81.055998
141520722853256062,3,"Tee Back",C,C,29.0772632,-81.0563172
141520722853256062,4,Green,F,C,29.0814264,-81.0531552
141520722853256062,4,Green,C,C,29.0815026,-81.0530392
141520722853256062,4,Green,B,C,29.0815494,-81.0529487
141520722853256062,4,"Tee Front",C,C,29.0808439,-81.0538978
141520722853256062,4,"Tee Back",C,C,29.0806177,-81.0542492
141520722853256062,5,Green,F,C,29.0839005,-81.0497099
141520722853256062,5,Green,C,C,29.0839298,-81.0495691
141520722853256062,5,Green,B,C,29.0839661,-81.0494431
141520722853256062,5,"Tee Front",C,C,29.0822632,-81.0518071
141520722853256062,5,"Tee Back",C,C,29.0817311,-81.0521987
141520722853256062,6,Green,F,C,29.0827283,-81.0485267
141520722853256062,6,Green,C,C,29.0826193,-81.0485569
141520722853256062,6,Green,B,C,29.0825056,-81.0485964
141520722853256062,6,"Tee Front",C,C,29.0834962,-81.048453
141520722853256062,6,"Tee Back",C,C,29.0840236,-81.0484181
141520722853256062,7,Green,F,C,29.0803973,-81.0515392
141520722853256062,7,Green,C,C,29.0803106,-81.0516606
141520722853256062,7,Green,B,C,29.0802215,-81.0517846
141520722853256062,7,"Tee Front",C,C,29.0817921,-81.0495741
141520722853256062,7,"Tee Back",C,C,29.0822257,-81.048571
141520722853256062,8,Green,F,C,29.0759932,-81.0535203
141520722853256062,8,Green,C,C,29.0759897,-81.0536498
141520722853256062,8,Green,B,C,29.0759651,-81.0538047
141520722853256062,8,"Tee Front",C,C,29.0792487,-81.0525246
141520722853256062,8,"Tee Back",C,C,29.0800176,-81.0524065
141520722853256062,9,Green,F,C,29.0760875,-81.0505894
141520722853256062,9,Green,C,C,29.0762457,-81.0505458
141520722853256062,9,Green,B,C,29.0763641,-81.0504941
141520722853256062,9,"Tee Front",C,C,29.0755332,-81.0530932
141520722853256062,9,"Tee Back",C,C,29.0755028,-81.0538764
141520722853256062,10,Green,F,C,29.0726018,-81.0517417
141520722853256062,10,Green,C,C,29.0725033,-81.0518242
141520722853256062,10,Green,B,C,29.0724002,-81.0518946
141520722853256062,10,"Tee Front",C,C,29.0741525,-81.0494923
141520722853256062,10,"Tee Back",C,C,29.0748862,-81.0487118
141520722853256062,11,Green,F,C,29.0689102,-81.052147
141520722853256062,11,Green,C,C,29.0687871,-81.0521276
141520722853256062,11,Green,B,C,29.068684,-81.0521148
141520722853256062,11,"Tee Front",C,C,29.0710897,-81.0521008
141520722853256062,11,"Tee Back",C,C,29.0720181,-81.0522939
141520722853256062,12,Green,F,C,29.0673172,-81.0473207
141520722853256062,12,Green,C,C,29.067241,-81.0472423
141520722853256062,12,Green,B,C,29.0671882,-81.0471678
141520722853256062,12,"Tee Front",C,C,29.0673247,-81.0507597
141520722853256062,12,"Tee Back",C,C,29.0680468,-81.0519479
141520722853256062,13,Green,F,C,29.0691344,-81.0447713
141520722853256062,13,Green,C,C,29.0691063,-81.0446191
141520722853256062,13,Green,B,C,29.0690793,-81.0444883
141520722853256062,13,"Tee Front",C,C,29.0689517,-81.0454931
141520722853256062,13,"Tee Back",C,C,29.0684805,-81.0466143
141520722853256062,14,Green,F,C,29.071639,-81.0422805
141520722853256062,14,Green,C,C,29.0717046,-81.0421598
141520722853256062,14,Green,B,C,29.0717656,-81.0420324
141520722853256062,14,"Tee Front",C,C,29.0704673,-81.0445155
141520722853256062,14,"Tee Back",C,C,29.0698226,-81.0449929
141520722853256062,15,Green,F,C,29.075188,-81.0447847
141520722853256062,15,Green,C,C,29.0752736,-81.0448578
141520722853256062,15,Green,B,C,29.0753579,-81.0449242
141520722853256062,15,"Tee Front",C,C,29.0727905,-81.0423442
141520722853256062,15,"Tee Back",C,C,29.0719606,-81.041722
141520722853256062,16,Green,F,C,29.0716617,-81.0461154
141520722853256062,16,Green,C,C,29.0715515,-81.0462026
141520722853256062,16,Green,B,C,29.0714484,-81.046275
141520722853256062,16,"Tee Front",C,C,29.0740482,-81.0450412
141520722853256062,16,"Tee Back",C,C,29.0749695,-81.0451458
141520722853256062,17,Green,F,C,29.0715457,-81.0490337
141520722853256062,17,Green,C,C,29.0715808,-81.0491953
141520722853256062,17,Green,B,C,29.0716184,-81.0493489
141520722853256062,17,"Tee Front",C,C,29.071548,-81.0480547
141520722853256062,17,"Tee Back",C,C,29.071398,-81.0470381
141520722853256062,18,Green,F,C,29.0746008,-81.047889
141520722853256062,18,Green,C,C,29.074698,-81.0479185
141520722853256062,18,Green,B,C,29.0747953,-81.0479346
141520722853256062,18,"Tee Front",C,C,29.0723791,-81.0485683
141520722853256062,18,"Tee Back",C,C,29.071997,-81.0490404
